url	status	content_type	bytes	sha256
http://www.w3.org/XML/1998/namespace	200	application/xhtml+xml; charset=utf-8	7878	444ebf0a8ac33c2ff5b65148d3c11e0f4225b19870d455718bde31167386ad95
https://api-sepolia.basescan.org/api	200	application/json; charset=utf-8	155	f4492ab132672f9b28c802ee2bb7bbf4d5d6c3ef9199a3019a719925a88d68f4
https://api-sepolia.etherscan.io/api	200	application/json; charset=utf-8	155	f4492ab132672f9b28c802ee2bb7bbf4d5d6c3ef9199a3019a719925a88d68f4
https://api.etherscan.io/api	200	application/json; charset=utf-8	155	f4492ab132672f9b28c802ee2bb7bbf4d5d6c3ef9199a3019a719925a88d68f4
https://chrome.google.com/webstore/detail/metamask/nkbihfbeogaeaoehlefnkodbefgpgknn	200	text/html; charset=utf-8	717003	b78fa8b180c0848d1eeb7cfe30b32eb36552805fe17c1061d5acf99688730db3
https://coinbase-wallet.onelink.me/q5Sx/fdb9b250	200	text/html	713406	706a956f81fc72f423579114a2f47b4b192607bdffd035006a3b1cfd709c670e
https://ethereum-rpc.publicnode.com	200	text/html; charset=utf-8	1201460	df2d3de1a66049293124f79494e70a4d5dea466992a1833301e045d0eed894e3
https://fonts.googleapis.com	404	text/html; charset=utf-8	1621	efa69c9a25484eb4e67bdb35955d30019f4575f2282a8538063e6aa6494b59fa
https://fonts.googleapis.com/css2?family=Inter:ital,opsz,wght@0,14..32,100..900;1,14..32,100..900&display=swap	200	text/css; charset=utf-8	4149	872307b319ba82444e9a03c22bc17ad5972c58c089a13749f7c985dbdd476f7b
https://sepolia.base.org	405	text/plain	18	371b26886bee5e559d5016b17b1479cb7a9154865da5a0f11563580ea99ff033
https://sepolia.basescan.org	200	text/html; charset=utf-8	101403	19a6d5e1d996a583d8afb78f327463729bd53211a7145f1e10002962a51fb0c9
https://sepolia.drpc.org	200	text/html; charset=utf-8	276522	a1084b230da1560e9759d66e6a8378235dddee361b6ae2a6d8de555f4b4b244e
https://sepolia.etherscan.io	200	text/html; charset=utf-8	103738	ab2da5e3084230d711aa94c4ebde110aa7379f3f65bc936b8947a333f1b71dc5
https://test.caw.social/api	200	text/html; charset=utf-8	5360	0669477334dfeccfa5521c8e7f987b75e5c7b1a0fee8c90cfb2036961d71ac01
https://test.caw.social/api/actions	200	text/html; charset=utf-8	5374	5bfb4bd421a90550897d79fb58cb40f65081d62a85480de7d9f991877a70bb66
https://test.caw.social/api/caw-name	200	text/html; charset=utf-8	5376	270dfad1ea5d9df45ba01e0145dbe9ea06236c9d66be07fa7107877a8e1ddbc2
https://test.caw.social/api/cawname	200	text/html; charset=utf-8	5374	3736db9c3d1dd4cb976c96ac5bdaeb96655c35670cd43b501f37c17be815261b
https://test.caw.social/api/graphql	200	text/html; charset=utf-8	5374	f26f77cd69a6713aae31a7b97f66985f0d06e59df4bbd91b26cbc757c86464bd
https://test.caw.social/api/health	200	application/json; charset=utf-8	15	a29ee2b15c494311c52521766e44af56a3ad2248e7a8ab465e5206463c13d288
https://test.caw.social/api/names	200	text/html; charset=utf-8	5370	d48c2530f33cfac6ef63d92948b985a339b61c39c9724ee337a5dbc201a21828
https://test.caw.social/api/posts	200	text/html; charset=utf-8	5370	7645466ee8322501ab5143d71ddba5395fa1b818f50e1c694339619b945ab1f3
https://test.caw.social/api/profile	200	text/html; charset=utf-8	5374	35bc1fe497973de27dc990d23a329fd08627b6d9463e45d7f432f2684518db80
https://test.caw.social/api/profiles	200	text/html; charset=utf-8	5376	8c736d90ac343c041eb89126f13e964188d69043650ade8069a507fec061329f
https://test.caw.social/api/stats	200	application/json; charset=utf-8	142	f81e0e0a5ebb0bc6f171a1037521ad2adbf210d6ff8c045083384b8087cfb272
https://test.caw.social/api/status	200	text/html; charset=utf-8	5372	c614540c1a00e3a3e68135aa2c2a06c823b091ce70dc68a075b90f7f3e97a807
https://test.caw.social/api/user	200	text/html; charset=utf-8	5368	0367817577dadfce262329bdb43333ca4b7dd09b36c46a6b6bdea7258cc61c5b
https://test.caw.social/api/users	200	text/html; charset=utf-8	5370	1b48f049daea3f2c6133ad6753d1c94b9911f1f0c6b571cacf0fa690988977c0
https://test.caw.social/assets/index-BxomP2hf.js	200	application/javascript	1593775	a56335bdf696fe3a2714a074e35a987fb17066251e544d88f1aeb0eeb4e50241
https://test.caw.social/assets/index-D852dIQS.css	200	text/css	143354	2bb0c05ecd3f6af1b88abbe494ff81fad5182e80e50de72af9a2cb2a04d7b612
https://test.caw.social/graphql	200	text/html	5157	2940ea6044ded3149743d82f3e4cd71e6d284bdd383fa0754197edb432d1a581
https://test.caw.social/health	200	text/html	5157	2940ea6044ded3149743d82f3e4cd71e6d284bdd383fa0754197edb432d1a581
https://test.caw.social/stats	200	text/html	5157	2940ea6044ded3149743d82f3e4cd71e6d284bdd383fa0754197edb432d1a581
https://test.caw.social/status	200	text/html	5157	2940ea6044ded3149743d82f3e4cd71e6d284bdd383fa0754197edb432d1a581
https://translate.googleapis.com/translate_a/single	400	text/html; charset=utf-8	1695	cb5e038748647bd0fdbe98f1e3d6f03d7701328715ef4bb2f416c3882f9e3cc7
